"id","name","email","password","address","avatar","registeredAt"
1,"Варвара Архипова","30@hotmail.com","Eqeh49M9Cy2hNbQ","79477 Фролов улица","https://s3.amazonaws.com/uifaces/faces/twitter/benjamin_knight/128.jpg","2016-11-08T08:44:30.563Z"
2,"Аркадий Емельянов","_@yahoo.com","npvswEYkhwTTkA5","179 Елена проспект","https://s3.amazonaws.com/uifaces/faces/twitter/sangdth/128.jpg","2017-01-18T13:38:31.214Z"
3,"Василиса Елисеева",".@mail.ru","q2but0NHkXtJjVF","413 Марина проспект","https://s3.amazonaws.com/uifaces/faces/twitter/isaacfifth/128.jpg","2017-07-17T06:50:22.368Z"
4,"Георгий Стрелков",".26@hotmail.com","6u5XzH_TgKPRAUD","6892 Дмитрий пл.","https://s3.amazonaws.com/uifaces/faces/twitter/dnezkumar/128.jpg","2017-03-16T14:11:44.141Z"
5,"Фёдор Кудряшов","31@yahoo.com","iRx0K__FPZxEWcz","5080 Андрей ул.","https://s3.amazonaws.com/uifaces/faces/twitter/luxe/128.jpg","2017-06-11T03:25:01.327Z"
6,"Наталья Логинова","76@yandex.ru","DPBjdsXlMPRuMN4","8254 Филатов улица","https://s3.amazonaws.com/uifaces/faces/twitter/mds/128.jpg","2017-05-26T20:56:51.705Z"
7,"Татьяна Горшкова","6@ya.ru","din1PpHqozLMWbj","740 Савин ул.","https://s3.amazonaws.com/uifaces/faces/twitter/hgharrygo/128.jpg","2017-05-13T00:51:37.054Z"
8,"Алла Моисеева","_89@yandex.ru","JqlcVbxPNdFbJzr","7639 Денис ул.","https://s3.amazonaws.com/uifaces/faces/twitter/russoedu/128.jpg","2017-02-23T18:47:53.411Z"
9,"Николай Капустин","_53@mail.ru","gyuZxSdy6PDOYXz","71785 Ксения улица","https://s3.amazonaws.com/uifaces/faces/twitter/salvafc/128.jpg","2017-03-23T13:00:09.303Z"
10,"Виталий Маслов","1@ya.ru","Bph_HsJ299uWSmB","865 Татьяна проспект","https://s3.amazonaws.com/uifaces/faces/twitter/wake_gs/128.jpg","2017-09-27T14:12:14.333Z"